id,Name,ID,ALIGN,EYE,HAIR,ALIVE,APPEARANCES,FIRST APPEARANCE,YEAR
1,Batman (Bruce Wayne),Secret Identity,Good Characters,Blue Eyes,Black Hair,Living Characters,3093,"1939, May",1939
2,Superman (Clark Kent),Secret Identity,Good Characters,Blue Eyes,Black Hair,Living Characters,2496,"1986, October",1986
3,Green Lantern (Hal Jordan),Secret Identity,Good Characters,Brown Eyes,Brown Hair,Living Characters,1565,"1959, October",1959
4,James Gordon (New Earth),Public Identity,Good Characters,Brown Eyes,White Hair,Living Characters,1316,"1987, February",1987
5,Richard Grayson (New Earth),Secret Identity,Good Characters,Blue Eyes,Black Hair,Living Characters,1237,"1940, April",1940
6,Wonder Woman (Diana Prince),Public Identity,Good Characters,Blue Eyes,Black Hair,Living Characters,1231,"1941, December",1941
7,Aquaman (Arthur Curry),Public Identity,Good Characters,Blue Eyes,Blond Hair,Living Characters,1121,"1941, November",1941
8,Timothy Drake (New Earth),Secret Identity,Good Characters,Blue Eyes,Black Hair,Living Characters,1095,"1989, August",1989
9,Dinah Laurel Lance (New Earth),Public Identity,Good Characters,Blue Eyes,Blond Hair,Living Characters,1075,"1969, November",1969
10,Flash (Barry Allen),Secret Identity,Good Characters,Blue Eyes,Blond Hair,Living Characters,1028,"1956, October",1956
11,GenderTest,Secret Identity,Good Characters,Blue Eyes,Blond Hair,Living Characters,1028,"1956, October",1956
12,Alan Scott (New Earth),Secret Identity,Good Characters,Blue Eyes,Blond Hair,Deceased Characters,969,"1940, July",1940
13,Jason Garrick (New Earth),Public Identity,Good Characters,Blue Eyes,Brown Hair,Living Characters,951,"1940, January",1940
14,Barbara Gordon (New Earth),Secret Identity,Good Characters,Blue Eyes,Red Hair,Living Characters,951,"1967, January",1967
15,Lois Lane (New Earth),Public Identity,Good Characters,Blue Eyes,Black Hair,Living Characters,934,"1938, June",1938
16,Alfred Pennyworth (New Earth),Public Identity,Good Characters,Blue Eyes,Black Hair,Living Characters,930,"1943, April",1943
17,Carter Hall (New Earth),Secret Identity,Good Characters,Blue Eyes,Brown Hair,Living Characters,803,"1940, January",1940
18,Kyle Rayner (New Earth),Secret Identity,Good Characters,Green Eyes,Black Hair,Living Characters,716,"1994, January",1994
19,Raymond Palmer (New Earth),Public Identity,Good Characters,Brown Eyes,Unknown or None,Living Characters,706,"1961, October",1961
20,Alexander Luthor (New Earth),Public Identity,Bad Characters,Green Eyes,Unknown or None,Living Characters,677,"1986, October",1986
21,Roy Harper (New Earth),Secret Identity,Neutral Characters,Green Eyes,Red Hair,Living Characters,654,"1941, November",1941
22,Kara Zor-L (Earth-Two),Secret Identity,Good Characters,Blue Eyes,Blond Hair,Living Characters,635,"1976, February",1976
23,Ted Grant (New Earth),Secret Identity,Unknown or None,Blue Eyes,Black Hair,Living Characters,605,"1942, January",1942
24,Garfield Logan (New Earth),Public Identity,Good Characters,Green Eyes,Green Hair,Living Characters,595,"1965, November",1965
25,Guy Gardner (New Earth),Public Identity,Good Characters,Blue Eyes,Red Hair,Living Characters,593,"1968, March",1968
26,Victor Stone (New Earth),Public Identity,Good Characters,Brown Eyes,Black Hair,Living Characters,584,"1980, October",1980
27,Kon-El (New Earth),Secret Identity,Good Characters,Blue Eyes,Black Hair,Living Characters,560,"1993, June",1993
28,Ralph Dibny (New Earth),Public Identity,Unknown or None,Blue Eyes,Red Hair,Deceased Characters,558,"1960, May",1960
29,James Olsen (New Earth),Public Identity,Good Characters,Green Eyes,Red Hair,Living Characters,557,"1986, October",1986
30,John Stewart (New Earth),Public Identity,Good Characters,Brown Eyes,Black Hair,Living Characters,549,"1971, December",1971
31,Joker (New Earth),Secret Identity,Bad Characters,Green Eyes,Green Hair,Living Characters,517,"1940, June",1940
32,Franklin Rock (New Earth),Public Identity,Good Characters,Blue Eyes,Unknown or None,Living Characters,492,"1959, April",1959
33,Garth (New Earth),Public Identity,Good Characters,Purple Eyes,Black Hair,Deceased Characters,487,"1960, February",1960
34,Rex Mason (New Earth),Secret Identity,Unknown or None,Black Eyes,Unknown or None,Living Characters,470,"1965, January",1965
35,Zatanna Zatara (New Earth),Public Identity,Good Characters,Blue Eyes,Black Hair,Living Characters,439,"1964, November",1964
36,Aztar (New Earth),Secret Identity,Unknown or None,White Eyes,Unknown or None,Living Characters,436,"1940, February",1940
37,Theodore Kord (New Earth),Secret Identity,Unknown or None,Blue Eyes,Brown Hair,Deceased Characters,429,"1986, February",1986
38,Michael Jon Carter (New Earth),Public Identity,Good Characters,Blue Eyes,Blond Hair,Living Characters,427,"1986, February",1986
39,Cassandra Sandsmark (New Earth),Public Identity,Good Characters,Blue Eyes,Blond Hair,Living Characters,423,"1996, January",1996
40,Kent Nelson (New Earth),Secret Identity,Good Characters,Blue Eyes,Blond Hair,Deceased Characters,422,"1940, May",1940
41,Harvey Bullock (New Earth),Public Identity,Good Characters,Brown Eyes,Black Hair,Living Characters,413,"1974, July",1974
42,Rachel Roth (New Earth),Secret Identity,Good Characters,Purple Eyes,Black Hair,Living Characters,399,"1980, October",1980
43,Helena Bertinelli (New Earth),Secret Identity,Good Characters,Blue Eyes,Black Hair,Living Characters,393,"1989, April",1989
44,Wesley Dodds (New Earth),Secret Identity,Good Characters,Brown Eyes,Brown Hair,Deceased Characters,391,"1939, April",1939
45,Uxas (New Earth),Public Identity,Bad Characters,Red Eyes,Unknown or None,Deceased Characters,388,"1970, December",1970
46,Ronald Raymond (New Earth),Secret Identity,Good Characters,Blue Eyes,Unknown or None,Living Characters,386,"1978, March",1978
47,Nathaniel Adam (New Earth),Secret Identity,Good Characters,Blue Eyes,White Hair,Living Characters,386,"1987, March",1987
48,Red Tornado (New Earth),Secret Identity,Good Characters,Green Eyes,Unknown or None,Living Characters,374,"1968, August",1968
49,John Constantine (New Earth),Public Identity,Good Characters,Blue Eyes,Blond Hair,Living Characters,371,"1984, June",1984
50,Albert Pratt (New Earth),Secret Identity,Good Characters,Blue Eyes,Red Hair,Deceased Characters,370,"1940, October",1940
51,Charles McNider (New Earth),Secret Identity,Unknown or None,Blue Eyes,Blond Hair,Deceased Characters,361,"1941, April",1941
52,Theodore Knight (New Earth),Secret Identity,Good Characters,Brown Eyes,Brown Hair,Deceased Characters,356,"1941, April",1941
53,Lobo (New Earth),Public Identity,Neutral Characters,Red Eyes,Black Hair,Living Characters,353,"1983, June",1983
54,Perry White (New Earth),Public Identity,Unknown or None,Blue Eyes,Brown Hair,Living Characters,350,"1986, October",1986
55,John Henry Irons (New Earth),Public Identity,Good Characters,Brown Eyes,Unknown or None,Living Characters,345,"1993, June",1993
56,Jefferson Pierce (New Earth),Secret Identity,Good Characters,Brown Eyes,Unknown or None,Living Characters,344,"1977, April",1977
57,Slade Wilson (New Earth),Secret Identity,Neutral Characters,Blue Eyes,White Hair,Living Characters,336,"1980, December",1980
58,Phantom Stranger (New Earth),Secret Identity,Unknown or None,Black Eyes,Black Hair,Living Characters,335,"1952, September",1952
59,Beatriz da Costa (New Earth),Secret Identity,Good Characters,Green Eyes,Green Hair,Living Characters,325,"1982, June",1982
60,William Batson (New Earth),Secret Identity,Good Characters,Blue Eyes,Black Hair,Living Characters,321,"1940, February",1940
61,Carol Ferris (New Earth),Public Identity,Neutral Characters,Blue Eyes,Black Hair,Living Characters,319,"1959, October",1959
62,Clifford Steele (New Earth),Public Identity,Unknown or None,Photocellular Eyes,Unknown or None,Living Characters,314,"1963, June",1963
63,Etrigan (New Earth),Public Identity,Neutral Characters,Red Eyes,Unknown or None,Living Characters,311,"1972, September",1972
64,Jennifer-Lynn Hayden (New Earth),Secret Identity,Good Characters,Green Eyes,Green Hair,Living Characters,309,"1983, September",1983
65,Swamp Thing (New Earth),Public Identity,Good Characters,Red Eyes,Unknown or None,Living Characters,309,"1972, November",1972
66,Renee Montoya (New Earth),Secret Identity,Good Characters,Brown Eyes,Black Hair,Living Characters,308,"1992, March",1992
67,Harvey Dent (New Earth),Public Identity,Bad Characters,Blue Eyes,Brown Hair,Living Characters,306,"1942, August",1942
68,Courtney Whitmore (New Earth),Secret Identity,Good Characters,Blue Eyes,Blond Hair,Living Characters,305,"1999, July",1999
69,Kendra Saunders (New Earth),Secret Identity,Good Characters,Hazel Eyes,Brown Hair,Deceased Characters,301,"1999, August",1999
70,Michael Holt (New Earth),Secret Identity,Unknown or None,Brown Eyes,Black Hair,Living Characters,300,"1997, June",1997
71,Kilowog (New Earth),Public Identity,Good Characters,Red Eyes,Unknown or None,Living Characters,299,"1986, June",1986
72,Kara Zor-El (New Earth),Secret Identity,Good Characters,Blue Eyes,Blond Hair,Living Characters,297,"2004, May",2004
73,Jonah Hex (New Earth),Public Identity,Good Characters,Blue Eyes,Blond Hair,Deceased Characters,291,"1972, March",1972
74,Rex Tyler (New Earth),Secret Identity,Good Characters,Blue Eyes,Brown Hair,Living Characters,288,"1940, March",1940
75,Pamela Isley (New Earth),Secret Identity,Neutral Characters,Green Eyes,Red Hair,Living Characters,286,"1966, June",1966
76,Pieter Cross (New Earth),Secret Identity,Good Characters,Blue Eyes,Black Hair,Living Characters,284,"1999, February",1999
77,Jonathan L. Thunder (New Earth),Secret Identity,Good Characters,Blue Eyes,Blond Hair,Living Characters,282,"1940, January",1940
78,Mari McCabe (New Earth),Secret Identity,Good Characters,Amber Eyes,Brown Hair,Living Characters,268,"1981, July",1981
79,Scott Free (New Earth),Secret Identity,Good Characters,Blue Eyes,Black Hair,Living Characters,268,"1971, April",1971
80,Martha Clark (New Earth),Public Identity,Good Characters,Blue Eyes,White Hair,Living Characters,266,"1986, October",1986
81,Boston Brand (New Earth),Secret Identity,Good Characters,Blue Eyes,Unknown or None,Deceased Characters,262,"1967, October",1967
82,Daniel Turpin (New Earth),Public Identity,Unknown or None,Brown Eyes,Brown Hair,Deceased Characters,261,"1942, June",1942
83,John Zatara (New Earth),Secret Identity,Good Characters,Blue Eyes,Black Hair,Deceased Characters,256,"1938, June",1938
84,Jonathan Kent (New Earth),Public Identity,Good Characters,Blue Eyes,White Hair,Deceased Characters,254,"1986, October",1986
85,Oswald Cobblepot (New Earth),Public Identity,Unknown or None,Blue Eyes,Black Hair,Living Characters,253,"1941, December",1941
86,Tatsu Yamashiro (New Earth),Secret Identity,Good Characters,Brown Eyes,Black Hair,Living Characters,252,"1983, July",1983
87,Lawrence Trainor (New Earth),Secret Identity,Good Characters,Blue Eyes,Blond Hair,Living Characters,250,"1963, June",1963
88,Albert Rothstein (New Earth),Secret Identity,Good Characters,Blue Eyes,Unknown or None,Living Characters,245,"1983, September",1983
89,Brion Markov (New Earth),Secret Identity,Good Characters,Green Eyes,Strawberry Blond Hair,Living Characters,245,"1983, July",1983
90,Sanderson Hawkins (New Earth),Secret Identity,Good Characters,Blue Eyes,Blond Hair,Living Characters,241,"1941, December",1941
91,Jonathan Chambers (New Earth),Secret Identity,Good Characters,Blue Eyes,Blond Hair,Deceased Characters,239,"1941, September",1941
92,Orion (New Earth),Public Identity,Good Characters,Blue Eyes,Strawberry Blond Hair,Deceased Characters,237,"1971, March",1971
93,Thaal Sinestro (New Earth),Public Identity,Neutral Characters,Yellow Eyes,Black Hair,Living Characters,237,"1961, August",1961
94,Jason Todd (New Earth),Secret Identity,Neutral Characters,Blue Eyes,Black Hair,Living Characters,235,"1987, June",1987
95,Cassandra Cain (New Earth),Secret Identity,Good Characters,Brown Eyes,Black Hair,Living Characters,235,"1999, July",1999
96,Susan Dearbon (New Earth),Public Identity,Good Characters,Unknown or None,Black Hair,Deceased Characters,235,"1961, March",1961
97,Jean-Paul Valley (New Earth),Secret Identity,Good Characters,Blue Eyes,Blond Hair,Deceased Characters,234,"1992, October",1992
98,Hippolyta (New Earth),Public Identity,Good Characters,Blue Eyes,Black Hair,Living Characters,231,"1987, February",1987
99,Sylvester Pemberton (New Earth),Secret Identity,Good Characters,Blue Eyes,Black Hair,Deceased Characters,229,"1941, October",1941
100,Bernhard Baker (New Earth),Secret Identity,Good Characters,Blue Eyes,Blond Hair,Living Characters,229,"1965, September",1965
101,Joseph Wilson (New Earth),Secret Identity,Neutral Characters,Green Eyes,Blond Hair,Living Characters,229,"1984, May",1984
102,Jesse Chambers (New Earth),Public Identity,Good Characters,Blue Eyes,Blond Hair,Living Characters,228,"1992, August",1992
103,Floyd Lawton (New Earth),Secret Identity,Neutral Characters,Blue Eyes,Brown Hair,Living Characters,227,"1950, June",1950
104,Mera (New Earth),Public Identity,Unknown or None,Blue Eyes,Red Hair,Living Characters,226,"1963, October",1963
105,Tora Olafsdotter (New Earth),Public Identity,Good Characters,Blue Eyes,White Hair,Living Characters,225,"1988, April",1988
106,George Harkness (New Earth),Secret Identity,Unknown or None,Brown Eyes,Brown Hair,Living Characters,224,"1960, December",1960
107,Jonathan Crane (New Earth),Public Identity,Bad Characters,Blue Eyes,Brown Hair,Living Characters,222,"1941, September",1941
108,Amanda Waller (New Earth),Public Identity,Good Characters,Brown Eyes,Black Hair,Living Characters,222,"1986, November",1986
109,Shiera Sanders (New Earth),Secret Identity,Good Characters,Brown Eyes,Red Hair,Living Characters,219,"1940, January",1940
110,Leonard Snart (New Earth),Secret Identity,Unknown or None,Brown Eyes,Brown Hair,Living Characters,219,"1957, June",1957
111,Maxwell Lord IV (New Earth),Public Identity,Neutral Characters,Black Eyes,Brown Hair,Living Characters,218,"1987, May",1987
112,Jeb Stuart (New Earth),Public Identity,Good Characters,Blue Eyes,Brown Hair,Living Characters,218,"1961, May",1961
113,Damian Wayne (Prime Earth),Secret Identity,Good Characters,Blue Eyes,Black Hair,Deceased Characters,216,"1987, September",1987
114,Big Barda (New Earth),Secret Identity,Good Characters,Blue Eyes,Black Hair,Deceased Characters,216,"1971, October",1971
115,Niles Caulder (New Earth),Public Identity,Good Characters,Blue Eyes,Grey Hair,Living Characters,214,"1963, June",1963
116,James Corrigan (New Earth),Secret Identity,Good Characters,Blue Eyes,Red Hair,Deceased Characters,214,"1940, February",1940
117,Samuel Bradley (New Earth),Public Identity,Good Characters,Grey Eyes,Grey Hair,Living Characters,213,"1937, March",1937
118,Richard Tyler (New Earth),Public Identity,Good Characters,Brown Eyes,Brown Hair,Living Characters,212,"1985, November",1985
119,James Ewell Brown Stuart (New Earth),Public Identity,Good Characters,Unknown or None,Brown Hair,Deceased Characters,212,"1961, May",1961
120,Todd Rice (New Earth),Public Identity,Good Characters,Brown Eyes,Brown Hair,Living Characters,208,"1983, September",1983
121,Yz (New Earth),Secret Identity,Good Characters,Red Eyes,Unknown or None,Living Characters,207,"1940, January",1940
122,Matrix (Pocket Universe),Public Identity,Good Characters,Blue Eyes,Blond Hair,Living Characters,206,"1988, April",1988
123,Wolfgang Winks (New Earth),Public Identity,Good Characters,Unknown or None,Black Hair,Living Characters,206,"1942, November",1942
124,William Glenmorgan (New Earth),Public Identity,Good Characters,Blue Eyes,Black Hair,Deceased Characters,199,"1940, June",1940
125,Stephanie Brown (New Earth),Secret Identity,Good Characters,Blue Eyes,Blond Hair,Living Characters,198,"1992, August",1992
126,Raymond Terrill (New Earth),Secret Identity,Good Characters,Green Eyes,Red Hair,Living Characters,192,"1992, February",1992
127,Adam Blake (New Earth),Public Identity,Good Characters,Hazel Eyes,Brown Hair,Living Characters,191,"1951, June",1951
128,Kimiyo Hoshi (New Earth),Secret Identity,Unknown or None,Black Eyes,Black Hair,Living Characters,189,"1985, July",1985
129,Jack Ryder (New Earth),Secret Identity,Good Characters,Blue Eyes,Black Hair,Living Characters,188,"1968, April",1968
130,Vandar Adg (New Earth),Public Identity,Unknown or None,Brown Eyes,Black Hair,Living Characters,188,"1943, December",1943
131,Justin Arthur (New Earth),Secret Identity,Good Characters,Blue Eyes,Blond Hair,Living Characters,184,"1941, September",1941
132,Max Mercury (New Earth),Secret Identity,Good Characters,Blue Eyes,Grey Hair,Living Characters,183,"1940, November",1940
133,Abigail Arcane (New Earth),Public Identity,Good Characters,Blue Eyes,White Hair,Living Characters,182,"1973, January",1973
134,Thomas Haukins (New Earth),Secret Identity,Good Characters,Blue Eyes,Blond Hair,Deceased Characters,181,"1947, June",1947
135,Travis Morgan (New Earth),Public Identity,Good Characters,Blue Eyes,White Hair,Deceased Characters,180,"1975, November",1975
136,Margaret Sawyer (New Earth),Public Identity,Unknown or None,Blue Eyes,Unknown or None,Living Characters,180,"1987, April",1987
137,Waylon Jones (New Earth),Public Identity,Bad Characters,Red Eyes,Unknown or None,Living Characters,180,"1983, March",1983
138,Gorilla Grodd (New Earth),Public Identity,Bad Characters,Grey Eyes,Black Hair,Living Characters,179,"1959, May",1959
139,Adam Strange (New Earth),Public Identity,Unknown or None,Blue Eyes,Blond Hair,Living Characters,177,"1958, December",1958
140,Patrick Dugan (New Earth),Secret Identity,Good Characters,Blue Eyes,Red Hair,Living Characters,177,"1941, October",1941
141,Talia al Ghul (New Earth),Secret Identity,Bad Characters,Brown Eyes,Brown Hair,Deceased Characters,177,"1971, May",1971
142,James Harper Clone (New Earth),Public Identity,Good Characters,Blue Eyes,Brown Hair,Living Characters,176,"1971, January",1971
143,Thomas Kalmaku (New Earth),Public Identity,Good Characters,Brown Eyes,Black Hair,Living Characters,176,"1960, October",1960
144,Daniel Cassidy (New Earth),Secret Identity,Good Characters,Yellow Eyes,Unknown or None,Living Characters,176,"1984, June",1984
145,Gabrielle Doe (New Earth),Secret Identity,Good Characters,Blue Eyes,Blond Hair,Living Characters,175,"1983, July",1983
146,Henry Hall (New Earth),Secret Identity,Good Characters,Red Eyes,Brown Hair,Living Characters,175,"1968, June",1968
147,Cyrus Gold (New Earth),Secret Identity,Bad Characters,Black Eyes,White Hair,Deceased Characters,174,"1944, October",1944
148,Linda Park (New Earth),Public Identity,Unknown or None,Brown Eyes,Black Hair,Living Characters,174,"1989, July",1989
149,Connor Hawke (New Earth),Secret Identity,Good Characters,Green Eyes,Blond Hair,Living Characters,174,"1994, October",1994
150,Edward Nashton (New Earth),Public Identity,Neutral Characters,Blue Eyes,Black Hair,Living Characters,173,"1988, January",1988
151,Arisia Rrab (New Earth),Public Identity,Good Characters,Yellow Eyes,Blond Hair,Living Characters,173,"1981, May",1981
152,Joan Williams (New Earth),Public Identity,Unknown or None,Blue Eyes,Grey Hair,Living Characters,171,"1940, January",1940
153,Robert Crane (New Earth),Secret Identity,Good Characters,Red Eyes,Unknown or None,Living Characters,171,"1942, April",1942
154,William Magnus (New Earth),Public Identity,Good Characters,Blue Eyes,Brown Hair,Living Characters,170,"1962, April",1962
155,Mary Batson (New Earth),Secret Identity,Good Characters,Blue Eyes,Brown Hair,Living Characters,168,"1995, April",1995
156,Jean Loring (New Earth),Public Identity,Bad Characters,Green Eyes,Black Hair,Deceased Characters,168,"1961, October",1961
157,Oberon (New Earth),Public Identity,Unknown or None,Blue Eyes,White Hair,Living Characters,167,"1971, April",1971
158,Grant Emerson (New Earth),Public Identity,Good Characters,Blue Eyes,Black Hair,Deceased Characters,166,"1994, April",1994
159,Rita Farr (New Earth),Secret Identity,Good Characters,Brown Eyes,Brown Hair,Living Characters,166,"1963, June",1963
160,Hector Hall (New Earth),Secret Identity,Good Characters,Blue Eyes,White Hair,Deceased Characters,165,"1983, September",1983
161,Jason Rusch (New Earth),Secret Identity,Good Characters,Brown Eyes,Black Hair,Living Characters,165,"2004, July",2004
162,Mercury (New Earth),Secret Identity,Good Characters,Photocellular Eyes,Unknown or None,Living Characters,165,"1962, April",1962
163,Daniel Leong (New Earth),Secret Identity,Good Characters,Black Eyes,Black Hair,Deceased Characters,164,"1942, February",1942
164,Jaime Reyes (New Earth),Secret Identity,Good Characters,Brown Eyes,Black Hair,Living Characters,164,"2006, February",2006
165,Platinum (New Earth),Secret Identity,Good Characters,Photocellular Eyes,Unknown or None,Living Characters,164,"1962, April",1962
166,Andre Chavard (New Earth),Public Identity,Good Characters,Unknown or None,Brown Hair,Living Characters,164,"1942, June",1942
167,"Roy Raymond, Sr. (New Earth)",Public Identity,Good Characters,Blue Eyes,Brown Hair,Living Characters,163,"1949, November",1949
168,Vril Dox II (New Earth),Public Identity,Good Characters,Green Eyes,Blond Hair,Living Characters,163,"1964, February",1964
169,Uncle Sam (New Earth),Secret Identity,Unknown or None,Blue Eyes,White Hair,Living Characters,162,"1940, July",1940
170,Lucas Carr (New Earth),Public Identity,Unknown or None,Blue Eyes,Brown Hair,Living Characters,161,"1960, March",1960
171,Metron (New Earth),Secret Identity,Neutral Characters,Blue Eyes,Black Hair,Deceased Characters,161,"1971, March",1971
172,Iron (New Earth),Secret Identity,Good Characters,Photocellular Eyes,Unknown or None,Living Characters,161,"1962, April",1962
173,Lead (New Earth),Secret Identity,Good Characters,Photocellular Eyes,Unknown or None,Living Characters,161,"1962, April",1962
174,Hartley Rathaway (New Earth),Secret Identity,Good Characters,Blue Eyes,Red Hair,Living Characters,160,"1959, May",1959
175,Lana Lang (New Earth),Public Identity,Good Characters,Green Eyes,Red Hair,Living Characters,159,"1986, October",1986
176,DeSaad (New Earth),Public Identity,Bad Characters,Black Eyes,Black Hair,Living Characters,158,"1971, May",1971
177,Charles Taine (Pre-Zero Hour),Secret Identity,Good Characters,Black Eyes,Black Hair,Living Characters,158,"1961, May",1961
178,Rose Wilson (New Earth),Secret Identity,Good Characters,Blue Eyes,White Hair,Living Characters,158,"1992, October",1992
179,Bane (New Earth),Secret Identity,Bad Characters,Brown Eyes,Brown Hair,Living Characters,157,"1993, January",1993
180,Tin (New Earth),Secret Identity,Good Characters,Photocellular Eyes,Unknown or None,Living Characters,155,"1962, April",1962
181,Samuel Morgan (New Earth),Unknown,Good Characters,Unknown or None,Red Hair,Deceased Characters,155,"1937, March",1937
182,Salakk (New Earth),Secret Identity,Good Characters,White Eyes,Unknown or None,Living Characters,155,"1982, February",1982
183,Eve Eden (New Earth),Secret Identity,Neutral Characters,Blue Eyes,Blond Hair,Living Characters,154,"1966, September",1966
184,Harleen Quinzel (New Earth),Public Identity,Bad Characters,Blue Eyes,Blond Hair,Living Characters,153,"1999, October",1999
185,Benjamin Turner (New Earth),Secret Identity,Neutral Characters,Brown Eyes,Black Hair,Living Characters,153,"1975, May",1975
186,Mark Mardon (New Earth),Secret Identity,Bad Characters,Blue Eyes,Black Hair,Living Characters,152,"1960, January",1960
187,Teth-Adam (New Earth),Secret Identity,Neutral Characters,Brown Eyes,Black Hair,Living Characters,152,"1945, December",1945
188,Catherine Grant (New Earth),Public Identity,Good Characters,Blue Eyes,Blond Hair,Living Characters,151,"1987, January",1987
189,Terrence Sloane (New Earth),Secret Identity,Good Characters,Blue Eyes,Brown Hair,Deceased Characters,151,"1942, January",1942
190,Jason Blood (New Earth),Public Identity,Good Characters,Blue Eyes,Red Hair,Living Characters,148,"1972, September",1972
191,Gold (New Earth),Secret Identity,Good Characters,Photocellular Eyes,Unknown or None,Living Characters,147,"1962, April",1962
192,Victor Fries (New Earth),Secret Identity,Bad Characters,Blue Eyes,Unknown or None,Living Characters,143,"1959, February",1959
193,Arthur Light (New Earth),Public Identity,Bad Characters,Black Eyes,Black Hair,Deceased Characters,142,"1962, June",1962
194,Thomas Wayne (New Earth),Public Identity,Good Characters,Brown Eyes,Brown Hair,Deceased Characters,142,"1987, February",1987
195,Lester Davis (New Earth),Public Identity,Good Characters,Unknown or None,Black Hair,Living Characters,142,"1957, February",1957
196,Alanna Strange (New Earth),Public Identity,Good Characters,Blue Eyes,Black Hair,Living Characters,141,"1958, December",1958
197,Artemis of Bana-Mighdall (New Earth),Public Identity,Good Characters,Green Eyes,Red Hair,Living Characters,141,"1994, September",1994
198,Nuidis Vulko (New Earth),Public Identity,Good Characters,Blue Eyes,White Hair,Living Characters,140,"1967, September",1967
199,Steven Dayton (New Earth),Secret Identity,Good Characters,Blue Eyes,Brown Hair,Living Characters,140,"1964, November",1964
200,Lee Travis (New Earth),Secret Identity,Good Characters,Black Eyes,Black Hair,Deceased Characters,139,"1938, October",1938
201,Solis (New Earth),Secret Identity,Unknown or None,Blue Eyes,Strawberry Blond Hair,Living Characters,138,"1971, March",1971
202,Martin Stein (New Earth),Secret Identity,Good Characters,Brown Eyes,Grey Hair,Deceased Characters,138,"1978, March",1978
203,Alfred Twidgett (New Earth),Public Identity,Unknown or None,Unknown or None,Unknown or None,Living Characters,137,"1942, June",1942
204,Tubby Watts (New Earth),Unknown,Good Characters,Unknown or None,Red Hair,Living Characters,137,"1941, September",1941
205,Unknown Soldier I (New Earth),Secret Identity,Good Characters,Blue Eyes,Blond Hair,Deceased Characters,136,"1970, July",1970
206,Giovanni Giuseppe (New Earth),Secret Identity,Neutral Characters,Blue Eyes,Blond Hair,Deceased Characters,136,"1960, July",1960
207,Victoria Vale (New Earth),Public Identity,Good Characters,Blue Eyes,Red Hair,Living Characters,134,"1948, October",1948
208,Cynthia Reynolds (New Earth),Secret Identity,Good Characters,Blue Eyes,Black Hair,Living Characters,134,"1984, October",1984
209,Lucius Fox (New Earth),Public Identity,Good Characters,Brown Eyes,Black Hair,Living Characters,133,"1979, January",1979
210,Ganthet (New Earth),Public Identity,Good Characters,Green Eyes,White Hair,Living Characters,132,1992,1992
211,Izaya (New Earth),Public Identity,Good Characters,Grey Eyes,White Hair,Deceased Characters,132,"1971, March",1971
212,Matthew Ryan (New Earth),Public Identity,Good Characters,Blue Eyes,Red Hair,Living Characters,131,"1957, February",1957
213,Mick Rory (New Earth),Public Identity,Unknown or None,Blue Eyes,Unknown or None,Living Characters,131,"1963, November",1963
214,Dinah Drake (New Earth),Secret Identity,Good Characters,Blue Eyes,Black Hair,Deceased Characters,131,"1947, August",1947
215,Rory Regan (New Earth),Secret Identity,Good Characters,Blue Eyes,Brown Hair,Living Characters,131,"1976, September",1976
216,Kyle Morgan (New Earth),Public Identity,Good Characters,Brown Eyes,Blond Hair,Living Characters,131,"1957, February",1957
217,Barbara Ann Minerva (New Earth),Public Identity,Unknown or None,Brown Eyes,Unknown or None,Living Characters,131,"1987, August",1987
218,Eclipso (New Earth),Secret Identity,Bad Characters,Red Eyes,Black Hair,Living Characters,131,"1963, July",1963
219,Victory (New Earth),Unknown,Good Characters,Black Eyes,White Hair,Living Characters,130,"1941, September",1941
220,Sargent Steel (New Earth),Public Identity,Good Characters,Blue Eyes,Brown Hair,Living Characters,130,"1964, December",1964
221,Robert Langstrom (New Earth),Secret Identity,Neutral Characters,Brown Eyes,Brown Hair,Living Characters,130,"1970, June",1970
222,Walter Haley (New Earth),Public Identity,Good Characters,Brown Eyes,Brown Hair,Living Characters,129,"1957, February",1957
223,Katma Tui (New Earth),Public Identity,Good Characters,Unknown or None,Black Hair,Deceased Characters,129,"1964, July",1964
224,Charles Victor Szasz (New Earth),Secret Identity,Good Characters,Blue Eyes,Strawberry Blond Hair,Deceased Characters,128,"1967, June",1967
225,Ares (New Earth),Public Identity,Bad Characters,Red Eyes,Blond Hair,Living Characters,127,"1987, February",1987
226,Rip Carter (New Earth),Public Identity,Good Characters,Unknown or None,Black Hair,Living Characters,127,"1942, June",1942
227,Richard Swift (New Earth),Secret Identity,Neutral Characters,Grey Eyes,Black Hair,Living Characters,126,"1942, September",1942
228,Emil Hamilton (New Earth),Public Identity,Bad Characters,Hazel Eyes,Grey Hair,Living Characters,126,"1987, January",1987
229,Eradicator (New Earth),Public Identity,Good Characters,Photocellular Eyes,Black Hair,Deceased Characters,126,"1989, May",1989
230,Frederick Freeman (New Earth),Secret Identity,Good Characters,Blue Eyes,Black Hair,Living Characters,125,"1995, May",1995
231,Katar Hol (New Earth),Secret Identity,Good Characters,Blue Eyes,Black Hair,Living Characters,125,"1989, August",1989
232,Richard Occult (New Earth),Secret Identity,Unknown or None,Grey Eyes,Black Hair,Living Characters,125,"1935, October",1935
233,Dawn Granger (New Earth),Secret Identity,Good Characters,Blue Eyes,White Hair,Living Characters,124,"1988, October",1988
234,Maxima (New Earth),Public Identity,Good Characters,Brown Eyes,Red Hair,Deceased Characters,124,"1989, September",1989
235,Inza Cramer (New Earth),Secret Identity,Good Characters,Green Eyes,Strawberry Blond Hair,Deceased Characters,124,"1940, May",1940
236,Gunner MacKay (New Earth),Public Identity,Good Characters,Blue Eyes,Blond Hair,Deceased Characters,123,"1959, May",1959
237,Linda Danvers (New Earth),Secret Identity,Good Characters,Blue Eyes,Blond Hair,Living Characters,123,"1996, September",1996
238,Dubbilex (New Earth),Public Identity,Good Characters,Green Eyes,Unknown or None,Living Characters,123,"1971, March",1971
239,Jack Knight (New Earth),Public Identity,Good Characters,Black Eyes,Black Hair,Living Characters,122,"1994, September",1994
240,Antonia Monetti (New Earth),Secret Identity,Good Characters,Blue Eyes,Black Hair,Living Characters,122,"1996, October",1996
241,Skeets (New Earth),Public Identity,Good Characters,Unknown or None,Unknown or None,Living Characters,122,"1986, February",1986
242,Sarge Clay (New Earth),Public Identity,Good Characters,Blue Eyes,Strawberry Blond Hair,Deceased Characters,121,"1959, May",1959
243,Nimue Inwudu (New Earth),Public Identity,Good Characters,Green Eyes,Black Hair,Living Characters,121,"1978, February",1978
244,Khaji Da (New Earth),Secret Identity,Good Characters,Unknown or None,Unknown or None,Living Characters,121,"1964, June",1964
245,Elizabeth Lawrence (New Earth),Secret Identity,Unknown or None,Blue Eyes,Blond Hair,Living Characters,120,"1942, December",1942
246,Pallas Athena (New Earth),Public Identity,Neutral Characters,Grey Eyes,Brown Hair,Living Characters,118,"1958, May",1958
247,Terrence Long (New Earth),Public Identity,Good Characters,Blue Eyes,Red Hair,Deceased Characters,116,"1981, June",1981
248,Evan McCulloch (New Earth),Secret Identity,Bad Characters,Brown Eyes,Brown Hair,Living Characters,116,"1989, February",1989
249,Crispus Allen (New Earth),Secret Identity,Good Characters,Brown Eyes,Unknown or None,Deceased Characters,116,"2000, March",2000
250,Granny Goodness (New Earth),Public Identity,Bad Characters,Blue Eyes,White Hair,Deceased Characters,115,"1971, June",1971
251,Zeus (New Earth),Public Identity,Neutral Characters,Blue Eyes,White Hair,Living Characters,115,"1941, December",1941
252,Dolphin (New Earth),Unknown,Good Characters,Blue Eyes,Silver Hair,Deceased Characters,115,"1968, December",1968
253,Strata (New Earth),Public Identity,Good Characters,White Eyes,Unknown or None,Living Characters,115,"1989, February",1989
254,Holly Robinson (New Earth),Secret Identity,Good Characters,Blue Eyes,Red Hair,Living Characters,114,"1987, February",1987
255,Martha Kane (New Earth),Public Identity,Good Characters,Blue Eyes,Black Hair,Deceased Characters,113,"1987, February",1987
256,John Sargent (New Earth),Secret Identity,Good Characters,Brown Eyes,Brown Hair,Deceased Characters,113,"1941, May",1941
257,Dian Belmont (New Earth),Public Identity,Good Characters,Hazel Eyes,Brown Hair,Deceased Characters,113,"1940, February",1940
258,Jason Woodrue (New Earth),Public Identity,Bad Characters,Red Eyes,Green Hair,Living Characters,113,"1962, July",1962
259,Leslie Thompkins (New Earth),Public Identity,Good Characters,Blue Eyes,White Hair,Living Characters,111,"1976, March",1976
260,Edward Bloomberg (New Earth),Secret Identity,Good Characters,Yellow Eyes,Grey Hair,Deceased Characters,111,"1984, June",1984
261,Tara Markov (Team Titans),Secret Identity,Good Characters,Blue Eyes,Blond Hair,Deceased Characters,110,1991,1991
262,Dmitri Pushkin (New Earth),Secret Identity,Good Characters,Brown Eyes,Brown Hair,Deceased Characters,110,"1987, February",1987
263,June Moone (New Earth),Secret Identity,Good Characters,Green Eyes,Black Hair,Living Characters,110,"1966, April",1966
264,Ohiyesa I (New Earth),Public Identity,Good Characters,Black Eyes,Black Hair,Living Characters,109,"1949, September",1949
265,Mia Dearden (New Earth),Secret Identity,Good Characters,Blue Eyes,Blond Hair,Living Characters,109,"2001, May",2001
266,Krypto (New Earth),Secret Identity,Good Characters,Blue Eyes,White Hair,Living Characters,109,"1955, March",1955
267,Donald Richards (New Earth),Secret Identity,Good Characters,Brown Eyes,Brown Hair,Deceased Characters,109,"1942, March",1942
268,Thomas Blake (New Earth),Secret Identity,Neutral Characters,Blue Eyes,Blond Hair,Living Characters,108,"1963, January",1963
269,Leonid Kovar (New Earth),Secret Identity,Good Characters,Green Eyes,Blond Hair,Living Characters,108,"1968, December",1968
270,Zauriel (New Earth),Public Identity,Good Characters,Red Eyes,White Hair,Living Characters,108,"1997, June",1997
271,Emily Briggs (New Earth),Public Identity,Good Characters,Blue Eyes,Red Hair,Living Characters,107,"1985, September",1985
272,Lilith Clay (New Earth),Secret Identity,Good Characters,Green Eyes,Strawberry Blond Hair,Deceased Characters,107,"1970, February",1970
273,Hans von Hammer (New Earth),Public Identity,Good Characters,Blue Eyes,Red Hair,Living Characters,106,"1965, February",1965
274,Thomas Tresser (New Earth),Secret Identity,Good Characters,Blue Eyes,Blond Hair,Living Characters,106,"1980, September",1980
275,William Polk (New Earth),Secret Identity,Good Characters,Blue Eyes,Brown Hair,Living Characters,106,"1948, February",1948
276,Jervis Tetch (New Earth),Secret Identity,Bad Characters,Blue Eyes,Red Hair,Living Characters,105,"1948, October",1948
277,Lyla Michaels (New Earth),Public Identity,Good Characters,Green Eyes,Blond Hair,Deceased Characters,105,"1982, July",1982
278,Bruce Gordon (New Earth),Public Identity,Good Characters,Unknown or None,Brown Hair,Living Characters,105,"1963, July",1963
279,Sugar Plumm (New Earth),Unknown,Good Characters,Unknown or None,Blond Hair,Living Characters,105,"1956, May",1956
280,Aphrodite (New Earth),Public Identity,Neutral Characters,Blue Eyes,Blond Hair,Living Characters,104,"1941, December",1941
281,Enya Wazzo (New Earth),Secret Identity,Good Characters,Blue Eyes,Black Hair,Living Characters,104,"1989, November",1989
282,Zinda Blake (New Earth),Secret Identity,Good Characters,Blue Eyes,Blond Hair,Living Characters,104,"1959, February",1959
283,Werner Vertigo (New Earth),Secret Identity,Neutral Characters,Blue Eyes,Blond Hair,Living Characters,104,"1978, July",1978
284,Sapphire Stagg (New Earth),Unknown,Neutral Characters,Blue Eyes,Blond Hair,Living Characters,104,"1965, January",1965
285,Cecil Wilson (New Earth),Unknown,Good Characters,Unknown or None,Red Hair,Living Characters,104,"1956, May",1956
286,Sarah Essen (New Earth),Public Identity,Good Characters,Blue Eyes,Blond Hair,Deceased Characters,103,"1987, March",1987
287,Rip Hunter (New Earth),Secret Identity,Unknown or None,Blue Eyes,Blond Hair,Living Characters,103,"1959, June",1959
288,Wing How (New Earth),Secret Identity,Good Characters,Brown Eyes,Black Hair,Living Characters,103,"1938, October",1938
289,Jade Nguyen (New Earth),Secret Identity,Bad Characters,Green Eyes,Black Hair,Living Characters,103,"1983, August",1983
290,Jack Drake (New Earth),Unknown,Good Characters,Black Eyes,Brown Hair,Deceased Characters,102,"1989, August",1989
291,Vril Dox I (New Earth),Secret Identity,Bad Characters,Green Eyes,Unknown or None,Living Characters,102,"1988, March",1988
292,Adolf Hitler (New Earth),Public Identity,Bad Characters,Brown Eyes,Brown Hair,Deceased Characters,101,"1942, March",1942
293,Grace Choi (New Earth),Secret Identity,Good Characters,Brown Eyes,Red Hair,Living Characters,100,"2003, August",2003
294,Lawrence Jordan (New Earth),Secret Identity,Unknown or None,Brown Eyes,Brown Hair,Deceased Characters,100,"1942, February",1942
295,Natasha Irons (New Earth),Public Identity,Good Characters,Brown Eyes,Black Hair,Living Characters,99,"1994, February",1994
296,Katherine Spencer (New Earth),Secret Identity,Good Characters,Blue Eyes,Black Hair,Living Characters,98,"2004, October",2004
297,Lorraine Reilly (New Earth),Secret Identity,Good Characters,Blue Eyes,Red Hair,Living Characters,98,"1982, June",1982
298,Noah Kuttler (New Earth),Public Identity,Bad Characters,Green Eyes,Brown Hair,Living Characters,98,"1976, September",1976
299,Stealth (New Earth),Secret Identity,Good Characters,Pink Eyes,White Hair,Deceased Characters,98,"1989, February",1989
300,Jan Haasan (New Earth),Public Identity,Good Characters,Unknown or None,Blond Hair,Living Characters,98,"1942, June",1942
301,Despero (New Earth),Public Identity,Bad Characters,Yellow Eyes,Unknown or None,Living Characters,98,"1960, November",1960
302,Jeffrey Franklin Burr (New Earth),Secret Identity,Bad Characters,Black Eyes,Unknown or None,Deceased Characters,97,"1976, March",1976
303,Hippolyta Trevor (New Earth),Secret Identity,Good Characters,Blue Eyes,Blond Hair,Deceased Characters,97,"1983, February",1983
304,Tef\u00e9 Holland (New Earth),Unknown,Bad Characters,Blue Eyes,White Hair,Living Characters,97,"1989, December",1989
305,Bizarro (New Earth),Public Identity,Neutral Characters,Black Eyes,Black Hair,Living Characters,96,"2000, September",2000
306,Henry Henshaw (New Earth),Secret Identity,Bad Characters,Blue Eyes,Black Hair,Living Characters,96,"1990, May",1990
307,Charles Dickles (New Earth),Public Identity,Good Characters,Unknown or None,Unknown or None,Living Characters,96,"1941, June",1941
308,Dream (New Earth),Secret Identity,Neutral Characters,Black Eyes,Black Hair,Deceased Characters,95,"1989, January",1989
309,Black Manta (New Earth),Secret Identity,Bad Characters,Brown Eyes,Black Hair,Living Characters,95,"1967, October",1967
,,,,,,,,,
,,,,,,,,,
,,,,,,,,,
,,,,,,,,,
,,,,,,,,,
,,,,,,,,,
316,Roman Sionis (New Earth),Public Identity,Bad Characters,Black Eyes,Unknown or None,Deceased Characters,92,"1985, August",1985
,,,,,,,,,
,,,,,,,,,
319,Abin Sur (New Earth),Public Identity,Good Characters,Blue Eyes,Unknown or None,Deceased Characters,92,"1959, October",1959
,,,,,,,,,
321,Orm Marius (New Earth),Secret Identity,Bad Characters,Brown Eyes,Brown Hair,Living Characters,92,"1966, October",1966
,,,,,,,,,
,,,,,,,,,
,,,,,,,,,
,,,,,,,,,
,,,,,,,,,
,,,,,,,,,
,,,,,,,,,
,,,,,,,,,
,,,,,,,,,
331,Eobard Thawne (New Earth),Secret Identity,Bad Characters,Blue Eyes,Strawberry Blond Hair,Deceased Characters,89,"1963, September",1963
,,,,,,,,,
,,,,,,,,,
334,Bobo T. Chimpanzee (New Earth),Unknown,Unknown or None,Black Eyes,Black Hair,Living Characters,88,"1952, August",1952
,,,,,,,,,
,,,,,,,,,
,,,,,,,,,
,,,,,,,,,
,,,,,,,,,
,,,,,,,,,
,,,,,,,,,
,,,,,,,,,
,,,,,,,,,
,,,,,,,,,
,,,,,,,,,
,,,,,,,,,
,,,,,,,,,
,,,,,,,,,
,,,,,,,,,
,,,,,,,,,
,,,,,,,,,
,,,,,,,,,
,,,,,,,,,
,,,,,,,,,
355,Etta Candy (New Earth),Public Identity,Good Characters,Green Eyes,Brown Hair,Living Characters,84,"1942, February",1942
356,Parallax (New Earth),Secret Identity,Bad Characters,Unknown or None,Unknown or None,Living Characters,84,"1994, March",1994
,,,,,,,,,
,,,,,,,,,
,,,,,,,,,
,,,,,,,,,
,,,,,,,,,
,,,,,,,,,
,,,,,,,,,
,,,,,,,,,
,,,,,,,,,
366,Kalibak (New Earth),Public Identity,Bad Characters,Red Eyes,Black Hair,Deceased Characters,82,"1971, March",1971
367,,,,,,,,,
368,,,,,,,,,
369,,,,,,,,,
370,,,,,,,,,
371,,,,,,,,,
372,,,,,,,,,
373,,,,,,,,,
374,,,,,,,,,
375,,,,,,,,,
376,,,,,,,,,
377,,,,,,,,,
378,,,,,,,,,
379,,,,,,,,,
380,,,,,,,,,
381,,,,,,,,,
382,,,,,,,,,
383,,,,,,,,,
384,,,,,,,,,
385,,,,,,,,,
386,,,,,,,,,
387,,,,,,,,,
388,,,,,,,,,
389,,,,,,,,,
390,,,,,,,,,
391,,,,,,,,,
392,"Thaddeus Sivana, Sr. (New Earth)",Public Identity,Bad Characters,Black Eyes,Unknown or None,Living Characters,77,"1987, April",1987
393,,,,,,,,,
394,,,,,,,,,
395,,,,,,,,,
396,,,,,,,,,
397,,,,,,,,,
398,,,,,,,,,
399,,,,,,,,,
400,,,,,,,,,
401,,,,,,,,,
402,,,,,,,,,
403,,,,,,,,,
404,,,,,,,,,
405,,,,,,,,,
406,,,,,,,,,
407,,,,,,,,,
408,,,,,,,,,
409,,,,,,,,,
410,,,,,,,,,
411,,,,,,,,,
412,Ultra-Humanite (New Earth),Secret Identity,Unknown or None,Red Eyes,White Hair,Living Characters,74,"1939, June",1939
413,,,,,,,,,
414,,,,,,,,,
415,,,,,,,,,
416,Victor Zsasz (New Earth),Public Identity,Bad Characters,Blue Eyes,Blond Hair,Living Characters,73,"1992, June",1992
417,,,,,,,,,
418,,,,,,,,,
419,,,,,,,,,
420,,,,,,,,,
421,,,,,,,,,
422,,,,,,,,,
423,,,,,,,,,
424,,,,,,,,,
425,,,,,,,,,
426,,,,,,,,,
427,,,,,,,,,
428,Mogo (New Earth),Public Identity,Good Characters,Unknown or None,Unknown or None,Living Characters,72,"1985, May",1985
429,,,,,,,,,
430,,,,,,,,,
431,,,,,,,,,
432,,,,,,,,,
433,,,,,,,,,
434,,,,,,,,,
435,,,,,,,,,
436,,,,,,,,,
437,,,,,,,,,
438,,,,,,,,,
439,,,,,,,,,
440,,,,,,,,,
441,,,,,,,,,
442,,,,,,,,,
443,,,,,,,,,
444,,,,,,,,,
445,,,,,,,,,
446,,,,,,,,,
447,,,,,,,,,
448,,,,,,,,,
449,,,,,,,,,
450,,,,,,,,,
451,,,,,,,,,
452,,,,,,,,,
453,,,,,,,,,
454,,,,,,,,,
455,,,,,,,,,
456,,,,,,,,,
457,,,,,,,,,
458,,,,,,,,,
459,,,,,,,,,
460,,,,,,,,,
461,,,,,,,,,
462,,,,,,,,,
463,,,,,,,,,
464,Scandal Savage (New Earth),Secret Identity,Bad Characters,Brown Eyes,Brown Hair,Living Characters,65,"2005, July",2005
465,,,,,,,,,
466,,,,,,,,,
467,,,,,,,,,
468,,,,,,,,,
469,Mister Mxyzptlk (New Earth),Secret Identity,Neutral Characters,Black Eyes,White Hair,Living Characters,64,"1987, November",1987
,,,,,,,,,
471,Jor-El (New Earth),Public Identity,Good Characters,Blue Eyes,Black Hair,Deceased Characters,64,"1986, October",1986
472,,,,,,,,,
473,,,,,,,,,
474,,,,,,,,,
475,,,,,,,,,
476,,,,,,,,,
477,,,,,,,,,
478,,,,,,,,,
479,,,,,,,,,
480,,,,,,,,,
481,,,,,,,,,
482,,,,,,,,,
483,,,,,,,,,
484,Klarion Bleak (New Earth),Secret Identity,Neutral Characters,Black Eyes,Black Hair,Living Characters,62,"1973, March",1973
485,,,,,,,,,
486,,,,,,,,,
487,,,,,,,,,
488,,,,,,,,,
489,,,,,,,,,
490,,,,,,,,,
491,,,,,,,,,
492,,,,,,,,,
493,,,,,,,,,
494,,,,,,,,,
495,,,,,,,,,
496,,,,,,,,,
497,,,,,,,,,
498,,,,,,,,,
499,,,,,,,,,
500,,,,,,,,,
501,,,,,,,,,
502,,,,,,,,,
503,,,,,,,,,
504,,,,,,,,,
505,,,,,,,,,
506,,,,,,,,,
507,,,,,,,,,
508,,,,,,,,,
509,,,,,,,,,
510,,,,,,,,,
511,,,,,,,,,
512,,,,,,,,,
513,,,,,,,,,
514,,,,,,,,,
515,,,,,,,,,
516,,,,,,,,,
517,,,,,,,,,
518,,,,,,,,,
519,,,,,,,,,
520,,,,,,,,,
521,,,,,,,,,
522,,,,,,,,,
523,,,,,,,,,
524,,,,,,,,,
525,,,,,,,,,
526,,,,,,,,,
527,,,,,,,,,
528,,,,,,,,,
529,,,,,,,,,
530,,,,,,,,,
531,,,,,,,,,
532,,,,,,,,,
533,,,,,,,,,
534,,,,,,,,,
535,,,,,,,,,
536,,,,,,,,,
537,,,,,,,,,
538,,,,,,,,,
539,,,,,,,,,
540,,,,,,,,,
,,,,,,,,,
,,,,,,,,,
543,Atrocitus (New Earth),Secret Identity,Neutral Characters,Yellow Eyes,Unknown or None,Living Characters,55,"2008, January",2008
544,,,,,,,,,
545,,,,,,,,,
546,,,,,,,,,
547,,,,,,,,,
548,,,,,,,,,
549,,,,,,,,,
550,,,,,,,,,
551,,,,,,,,,
552,,,,,,,,,
553,,,,,,,,,
554,,,,,,,,,
555,,,,,,,,,
556,Knockout (New Earth),Secret Identity,Bad Characters,Blue Eyes,Red Hair,Living Characters,53,"1994, February",1994
557,,,,,,,,,
558,,,,,,,,,
559,,,,,,,,,
560,,,,,,,,,
561,,,,,,,,,
562,,,,,,,,,
563,,,,,,,,,
564,,,,,,,,,
565,,,,,,,,,
566,,,,,,,,,
567,,,,,,,,,
568,,,,,,,,,
569,,,,,,,,,
570,,,,,,,,,
571,,,,,,,,,
572,,,,,,,,,
573,,,,,,,,,
574,,,,,,,,,
575,,,,,,,,,
576,,,,,,,,,
577,,,,,,,,,
578,,,,,,,,,
579,,,,,,,,,
580,,,,,,,,,
581,Mad Harriet (New Earth),Secret Identity,Bad Characters,Black Eyes,Green Hair,Deceased Characters,50,"1972, February",1972
582,,,,,,,,,
583,,,,,,,,,
584,,,,,,,,,
585,,,,,,,,,
586,,,,,,,,,
587,,,,,,,,,
588,,,,,,,,,
589,,,,,,,,,
590,,,,,,,,,
591,,,,,,,,,
592,,,,,,,,,
593,,,,,,,,,
594,,,,,,,,,
595,Lor-Zod (New Earth),Secret Identity,Good Characters,Brown Eyes,Brown Hair,Living Characters,49,"2006, December",2006
,,,,,,,,,
,,,,,,,,,
,,,,,,,,,
,,,,,,,,,
,,,,,,,,,
,,,,,,,,,
,,,,,,,,,
,,,,,,,,,
,,,,,,,,,
,,,,,,,,,
,,,,,,,,,
,,,,,,,,,
,,,,,,,,,
,,,,,,,,,
,,,,,,,,,
,,,,,,,,,
,,,,,,,,,
,,,,,,,,,
,,,,,,,,,
,,,,,,,,,
,,,,,,,,,
,,,,,,,,,
,,,,,,,,,
,,,,,,,,,
,,,,,,,,,
,,,,,,,,,
,,,,,,,,,
,,,,,,,,,
,,,,,,,,,
,,,,,,,,,
,,,,,,,,,
,,,,,,,,,
,,,,,,,,,
,,,,,,,,,
,,,,,,,,,
,,,,,,,,,
,,,,,,,,,
,,,,,,,,,
,,,,,,,,,
,,,,,,,,,
,,,,,,,,,
,,,,,,,,,
,,,,,,,,,
,,,,,,,,,
,,,,,,,,,
,,,,,,,,,
,,,,,,,,,
,,,,,,,,,
,,,,,,,,,
,,,,,,,,,
,,,,,,,,,
,,,,,,,,,
,,,,,,,,,
,,,,,,,,,
,,,,,,,,,
,,,,,,,,,
,,,,,,,,,
,,,,,,,,,
654,Larfleeze (New Earth),Public Identity,Neutral Characters,Yellow Eyes,Orange Hair,Living Characters,44,"2008, June",2008
655,Dru-Zod II (New Earth),Public Identity,Bad Characters,Black Eyes,Black Hair,Living Characters,43,"1961, April",1961
656,,,,,,,,,
657,,,,,,,,,
658,,,,,,,,,
659,,,,,,,,,
660,,,,,,,,,
661,,,,,,,,,
662,,,,,,,,,
663,,,,,,,,,
664,,,,,,,,,
665,,,,,,,,,
666,,,,,,,,,
667,,,,,,,,,
668,,,,,,,,,
669,,,,,,,,,
670,,,,,,,,,
671,,,,,,,,,
672,,,,,,,,,
673,,,,,,,,,
674,,,,,,,,,
675,,,,,,,,,
676,,,,,,,,,
677,,,,,,,,,
678,,,,,,,,,
679,,,,,,,,,
680,,,,,,,,,
681,,,,,,,,,
682,,,,,,,,,
683,,,,,,,,,
684,,,,,,,,,
685,,,,,,,,,
686,,,,,,,,,
687,,,,,,,,,
688,,,,,,,,,
689,,,,,,,,,
690,,,,,,,,,
691,,,,,,,,,
692,,,,,,,,,
693,,,,,,,,,
694,,,,,,,,,
695,,,,,,,,,
696,,,,,,,,,
697,,,,,,,,,
698,,,,,,,,,
699,,,,,,,,,
700,,,,,,,,,
701,,,,,,,,,
702,,,,,,,,,
703,,,,,,,,,
704,,,,,,,,,
705,,,,,,,,,
706,,,,,,,,,
707,,,,,,,,,
708,,,,,,,,,
709,,,,,,,,,
710,,,,,,,,,
711,,,,,,,,,
712,,,,,,,,,
713,,,,,,,,,
714,,,,,,,,,
715,,,,,,,,,
716,,,,,,,,,
717,,,,,,,,,
718,,,,,,,,,
719,,,,,,,,,
720,,,,,,,,,
721,,,,,,,,,
722,,,,,,,,,
723,,,,,,,,,
724,,,,,,,,,
725,,,,,,,,,
726,Artemis Crock (New Earth),Secret Identity,Bad Characters,Blue Eyes,Unknown or None,Living Characters,39,"1987, January",1987
727,,,,,,,,,
728,,,,,,,,,
729,,,,,,,,,
730,,,,,,,,,
731,,,,,,,,,
732,,,,,,,,,
733,,,,,,,,,
734,,,,,,,,,
735,,,,,,,,,
736,,,,,,,,,
737,,,,,,,,,
738,,,,,,,,,
739,,,,,,,,,
740,,,,,,,,,
741,,,,,,,,,
742,,,,,,,,,
743,,,,,,,,,
744,,,,,,,,,
745,,,,,,,,,
746,,,,,,,,,
747,,,,,,,,,
748,,,,,,,,,
749,,,,,,,,,
750,Mister Mind (New Earth),Secret Identity,Bad Characters,Red Eyes,Unknown or None,Living Characters,38,"1943, March",1943
751,Brainiac 8 (New Earth),Secret Identity,Good Characters,Red Eyes,Pink Hair,Deceased Characters,38,"2003, July",2003
752,,,,,,,,,
753,,,,,,,,,
754,,,,,,,,,
755,,,,,,,,,
756,,,,,,,,,
757,,,,,,,,,
758,,,,,,,,,
759,,,,,,,,,
760,,,,,,,,,
761,,,,,,,,,
762,Bat-Mite (New Earth),Secret Identity,Good Characters,Black Eyes,Unknown or None,Living Characters,37,"1959, May",1959
763,,,,,,,,,
764,,,,,,,,,
765,,,,,,,,,
766,,,,,,,,,
767,,,,,,,,,
768,,,,,,,,,
769,,,,,,,,,
770,,,,,,,,,
771,,,,,,,,,
772,Azrael (New Earth),Public Identity,Neutral Characters,Gold Eyes,Black Hair,Living Characters,37,"1985, April",1985
773,,,,,,,,,
774,,,,,,,,,
775,,,,,,,,,
776,,,,,,,,,
777,,,,,,,,,
778,,,,,,,,,
779,,,,,,,,,
780,Zor-El (New Earth),Public Identity,Good Characters,Blue Eyes,Blond Hair,Deceased Characters,36,"2004, June",2004
781,,,,,,,,,
782,,,,,,,,,
783,,,,,,,,,
784,,,,,,,,,
785,,,,,,,,,
786,Maximillian Zeus (New Earth),Public Identity,Bad Characters,Brown Eyes,Brown Hair,Living Characters,36,"1979, May",1979
787,,,,,,,,,
788,,,,,,,,,
789,,,,,,,,,
790,,,,,,,,,
791,,,,,,,,,
792,,,,,,,,,
793,,,,,,,,,
794,,,,,,,,,
795,,,,,,,,,
796,,,,,,,,,
797,,,,,,,,,
798,,,,,,,,,
799,,,,,,,,,
800,,,,,,,,,
801,,,,,,,,,
802,,,,,,,,,
803,,,,,,,,,
804,,,,,,,,,
805,,,,,,,,,
806,,,,,,,,,
807,,,,,,,,,
808,,,,,,,,,
809,,,,,,,,,
810,,,,,,,,,
811,,,,,,,,,
812,,,,,,,,,
813,,,,,,,,,
814,,,,,,,,,
815,,,,,,,,,
816,,,,,,,,,
817,,,,,,,,,
818,,,,,,,,,
819,Dex-Starr (New Earth),Public Identity,Bad Characters,Yellow Eyes,Blue Hair,Living Characters,35,"2008, December",2008
820,,,,,,,,,
821,,,,,,,,,
822,,,,,,,,,
823,,,,,,,,,
824,,,,,,,,,
825,,,,,,,,,
826,,,,,,,,,
827,,,,,,,,,
828,,,,,,,,,
829,,,,,,,,,
830,Frankenstein (New Earth),Public Identity,Good Characters,Brown Eyes,Black Hair,Living Characters,34,"2006, January",2006
831,,,,,,,,,
832,,,,,,,,,
833,,,,,,,,,
834,,,,,,,,,
835,,,,,,,,,
836,,,,,,,,,
837,,,,,,,,,
838,,,,,,,,,
839,,,,,,,,,
840,,,,,,,,,
841,,,,,,,,,
842,,,,,,,,,
843,,,,,,,,,
844,,,,,,,,,
845,,,,,,,,,
846,,,,,,,,,
847,,,,,,,,,
848,,,,,,,,,
849,,,,,,,,,
850,,,,,,,,,
851,,,,,,,,,
852,,,,,,,,,
853,,,,,,,,,
854,,,,,,,,,
855,,,,,,,,,
856,,,,,,,,,
857,,,,,,,,,
858,,,,,,,,,
859,,,,,,,,,
860,,,,,,,,,
861,,,,,,,,,
862,,,,,,,,,
863,,,,,,,,,
864,,,,,,,,,
865,,,,,,,,,
866,,,,,,,,,
867,,,,,,,,,
868,,,,,,,,,
869,,,,,,,,,
870,,,,,,,,,
871,,,,,,,,,
872,,,,,,,,,
873,,,,,,,,,
874,,,,,,,,,
875,,,,,,,,,
876,,,,,,,,,
877,,,,,,,,,
878,,,,,,,,,
879,Tweedledum and Tweedledee (New Earth),Secret Identity,Bad Characters,Green Eyes,Unknown or None,Living Characters,32,"1943, April",1943
880,,,,,,,,,
881,,,,,,,,,
882,,,,,,,,,
883,,,,,,,,,
884,,,,,,,,,
885,,,,,,,,,
886,,,,,,,,,
887,,,,,,,,,
888,,,,,,,,,
889,,,,,,,,,
890,,,,,,,,,
891,,,,,,,,,
892,,,,,,,,,
893,,,,,,,,,
894,,,,,,,,,
895,,,,,,,,,
896,,,,,,,,,
897,,,,,,,,,
898,,,,,,,,,
899,,,,,,,,,
900,,,,,,,,,
901,,,,,,,,,
902,,,,,,,,,
903,,,,,,,,,
904,,,,,,,,,
905,,,,,,,,,
906,,,,,,,,,
907,,,,,,,,,
908,,,,,,,,,
909,,,,,,,,,
910,,,,,,,,,
911,,,,,,,,,
912,,,,,,,,,
913,,,,,,,,,
914,,,,,,,,,
915,,,,,,,,,
916,,,,,,,,,
917,,,,,,,,,
918,,,,,,,,,
919,,,,,,,,,
920,,,,,,,,,
921,,,,,,,,,
922,,,,,,,,,
923,,,,,,,,,
924,,,,,,,,,
925,,,,,,,,,
926,,,,,,,,,
927,,,,,,,,,
928,,,,,,,,,
929,Jinx (New Earth),Secret Identity,Bad Characters,Purple Eyes,Unknown or None,Living Characters,30,"1985, August",1985
930,,,,,,,,,
931,,,,,,,,,
932,,,,,,,,,
933,,,,,,,,,
934,,,,,,,,,
935,,,,,,,,,
936,,,,,,,,,
937,,,,,,,,,
938,,,,,,,,,
939,,,,,,,,,
940,,,,,,,,,
941,Thaddeus Thawne II (New Earth),Secret Identity,Bad Characters,Yellow Eyes,Blond Hair,Deceased Characters,30,"1999, July",1999
942,,,,,,,,,
943,,,,,,,,,
944,,,,,,,,,
945,,,,,,,,,
946,,,,,,,,,
947,,,,,,,,,
948,,,,,,,,,
949,,,,,,,,,
950,,,,,,,,,
951,,,,,,,,,
952,,,,,,,,,
953,,,,,,,,,
954,,,,,,,,,
955,,,,,,,,,
956,,,,,,,,,
957,Barbara Eileen Gordon (New Earth),Public Identity,Good Characters,Hazel Eyes,Red Hair,Living Characters,29,"1987, February",1987
958,,,,,,,,,
959,,,,,,,,,
960,,,,,,,,,
961,,,,,,,,,
,,,,,,,,,
,,,,,,,,,
,,,,,,,,,
,,,,,,,,,
,,,,,,,,,
,,,,,,,,,
,,,,,,,,,
,,,,,,,,,
,,,,,,,,,
,,,,,,,,,
,,,,,,,,,
,,,,,,,,,
,,,,,,,,,
,,,,,,,,,
,,,,,,,,,
,,,,,,,,,
,,,,,,,,,
,,,,,,,,,
,,,,,,,,,
,,,,,,,,,
,,,,,,,,,
,,,,,,,,,
,,,,,,,,,
,,,,,,,,,
,,,,,,,,,
987,,,,,,,,,
988,,,,,,,,,
989,,,,,,,,,
990,,,,,,,,,
991,,,,,,,,,
992,,,,,,,,,
993,,,,,,,,,
994,,,,,,,,,
995,,,,,,,,,
996,,,,,,,,,
997,,,,,,,,,
998,,,,,,,,,
999,,,,,,,,,
